{"cameraMode":{"drawMode":0,"name":"Shaded","section":"Shading Mode"},"sceneLighting":true,"audioPlay":false,"sceneViewState":{"showFog":true,"showMaterialUpdate":false,"showSkybox":true,"showFlares":true,"showImageEffects":true,"showParticleSystems":true},"in2DMode":false,"pivot":{"x":-211.5489959716797,"y":-53.353675842285159,"z":-66.12809753417969},"rotation":{"x":-0.08125244081020355,"y":0.7641966938972473,"z":-0.09820710867643357,"w":-0.6322633028030396},"size":382.36053466796877,"orthographic":false}