{"cameraMode":{"drawMode":0,"name":"Shaded","section":"Shading Mode"},"sceneLighting":false,"audioPlay":false,"sceneViewState":{"showFog":true,"showMaterialUpdate":false,"showSkybox":false,"showFlares":true,"showImageEffects":true,"showParticleSystems":true},"in2DMode":false,"pivot":{"x":-0.193359375,"y":1.01123046875,"z":11.258777618408204},"rotation":{"x":-0.08551507443189621,"y":0.06630347669124603,"z":-0.0057033211924135689,"w":-0.994111955165863},"size":10.230317115783692,"orthographic":true}