{"cameraMode":{"drawMode":0,"name":"Shaded","section":"Shading Mode"},"sceneLighting":false,"audioPlay":false,"sceneViewState":{"showFog":true,"showMaterialUpdate":false,"showSkybox":false,"showFlares":true,"showImageEffects":true,"showParticleSystems":true},"in2DMode":false,"pivot":{"x":21.260265350341798,"y":-0.4504375457763672,"z":37.323486328125},"rotation":{"x":-0.045264020562171939,"y":-0.03685677796602249,"z":0.0016713273944333196,"w":-0.9982935786247253},"size":49.90351867675781,"orthographic":false}