{"cameraMode":{"drawMode":0,"name":"Shaded","section":"Shading Mode"},"sceneLighting":false,"audioPlay":false,"sceneViewState":{"showFog":true,"showMaterialUpdate":false,"showSkybox":false,"showFlares":true,"showImageEffects":true,"showParticleSystems":true},"in2DMode":false,"pivot":{"x":10.787704467773438,"y":2.9878973960876467,"z":13.29296875},"rotation":{"x":-0.010471710935235024,"y":-0.7158806920051575,"z":-0.010739019140601159,"w":0.6980615258216858},"size":10.50959587097168,"orthographic":true}