{"cameraMode":{"drawMode":0,"name":"Shaded","section":"Shading Mode"},"sceneLighting":false,"audioPlay":false,"sceneViewState":{"showFog":true,"showMaterialUpdate":false,"showSkybox":false,"showFlares":true,"showImageEffects":true,"showParticleSystems":true},"in2DMode":false,"pivot":{"x":-0.16231489181518556,"y":-0.33170831203460696,"z":2.084402561187744},"rotation":{"x":-0.008480323478579522,"y":0.7891808748245239,"z":-0.010899433866143227,"w":-0.6140055656433106},"size":6.25523567199707,"orthographic":false}